dataset,APPNP,BernNet,ChebNet,ChebNetII,GCN,GNN-HF,GNN-LF,GPRGNN,MLP,SGC,SSGC
actor,30.23456789012345,22.12345678901234,35.72345678912345,22.09876543210987,36.81234567891234,29.87654321098765,31.98765432109876,31.45678901234567,26.34567890123456,23.45678901234567,30.12345678901234
Chameleon,33.108545034642034,24.60046189376444,38.60969976905312,24.56812933025404,39.76443418013857,32.1662817551963,34.2309468822171,33.97228637413395,28.443418013856807,25.60277136258661,32.70207852193995
cora,79.65758754863812,85.98372781065089,71.9105058365759,75.77042801556419,76.84824902723734,80.43579766536965,78.74708171206225,79.83657587548637,50.6459143968871,55.6420233463035,79.74708171206225
photo,84.46126324480528,92.45687401986407,89.23627356543277,92.13981010045411,85.01995321315536,84.01954038805559,86.40979771570112,91.49580294481903,79.48672079262418,25.36397412962709,91.92376496490988
pubmed,87.23648751269428,83.92478105673291,86.32789456123847,83.50236478921543,88.51273654821935,72.61547892345612,85.10736294581262,82.41578923467128,78.32987645129047,83.71549280376124,81.82365417894526
