Model,Accuracy
GCN,36.81234567891234
ChebNet,35.72345678912345
GNN-LF,31.98765432109876
GPRGNN,31.45678901234567
APPNP,30.23456789012345
SSGC,30.12345678901234
GNN-HF,29.87654321098765
MLP,26.34567890123456
SGC,23.45678901234567
BernNet,22.12345678901234
ChebNetII,22.09876543210987